combined_row,battery,local_sequence_index,target_retained_index,target_cycle_id,soh_true,mean,ridge,hybrid
444,B0018,0,20,55,0.9334298968315125,0.854659826982589,0.9935988351279588,0.7043169736862183
445,B0018,1,21,57,0.9210731983184814,0.854659826982589,0.9767321507773407,0.6951145529747009
446,B0018,2,22,59,0.9226230382919312,0.854659826982589,0.9843291273304794,0.6825674176216125
447,B0018,3,23,62,0.9204840660095215,0.854659826982589,1.0340199341591687,0.6769964694976807
448,B0018,4,24,65,0.9429832696914673,0.854659826982589,0.9786472262668864,0.6708041429519653
449,B0018,5,25,67,0.934105396270752,0.854659826982589,0.9843333031434076,0.6620601415634155
450,B0018,6,26,69,0.9284243583679199,0.854659826982589,0.9945978622436596,0.6606836318969727
451,B0018,7,27,71,0.9228259325027466,0.854659826982589,1.0036815812102726,0.6578248739242554
452,B0018,8,28,74,0.9160451292991638,0.854659826982589,0.9563416990776465,0.660405695438385
453,B0018,9,29,77,0.9132250547409058,0.854659826982589,0.9261948702277399,0.6620036363601685
454,B0018,10,30,79,0.9066838622093201,0.854659826982589,0.880124227668957,0.662428617477417
455,B0018,11,31,81,0.9040285348892212,0.854659826982589,0.9086586221304238,0.6575617790222168
456,B0018,12,32,83,0.8978538513183594,0.854659826982589,0.9087044052148967,0.658415675163269
457,B0018,13,33,86,0.8933630585670471,0.854659826982589,0.8693700764819683,0.655877411365509
458,B0018,14,34,89,0.8885283470153809,0.854659826982589,0.8446466442859354,0.6905754804611206
459,B0018,15,35,91,0.8834319114685059,0.854659826982589,0.8578462748891406,0.6880934834480286
460,B0018,16,36,93,0.8774365186691284,0.854659826982589,0.8554690061503,0.6913397908210754
461,B0018,17,37,95,0.874474287033081,0.854659826982589,0.842938551282851,0.6901670694351196
462,B0018,18,38,98,0.8700823187828064,0.854659826982589,0.8456826917660881,0.7757682800292969
463,B0018,19,39,101,0.9035296440124512,0.854659826982589,0.838228359595198,0.7748833298683167
464,B0018,20,40,103,0.8891087174415588,0.854659826982589,0.8436468656594821,0.7811172008514404
465,B0018,21,41,105,0.8799886703491211,0.854659826982589,0.8440788006709681,0.7784699201583862
466,B0018,22,42,107,0.8713811635971069,0.854659826982589,0.8292484377408835,0.7744969129562378
467,B0018,23,43,110,0.8684090971946716,0.854659826982589,0.8345956943333687,0.7736882567405701
468,B0018,24,44,113,0.8600862622261047,0.854659826982589,0.8374582392762507,0.7711730003356934
469,B0018,25,45,116,0.9308373332023621,0.854659826982589,0.8339861795579193,0.7636000514030457
470,B0018,26,46,118,0.925370991230011,0.854659826982589,0.8470227459197675,0.7615964412689209
471,B0018,27,47,120,0.9141883850097656,0.854659826982589,1.037883881807967,0.7471330761909485
472,B0018,28,48,122,0.9044604897499084,0.854659826982589,0.9456397492244975,0.7358547449111938
473,B0018,29,49,124,0.8952316045761108,0.854659826982589,0.9085033131131864,0.7271741628646851
474,B0018,30,50,127,0.8983325362205505,0.854659826982589,0.908512562295628,0.7143927812576294
475,B0018,31,51,129,0.8877787590026855,0.854659826982589,0.8417896790404699,0.7008444666862488
476,B0018,32,52,131,0.8764204978942871,0.854659826982589,0.8599020138114599,0.6886940598487854
477,B0018,33,53,133,0.8690856099128723,0.854659826982589,0.8843583286411774,0.6786264181137085
478,B0018,34,54,135,0.8656241297721863,0.854659826982589,0.8597077912373551,0.6694133281707764
479,B0018,35,55,140,0.9022324681282043,0.854659826982589,0.8505713887140789,0.669622004032135
480,B0018,36,56,142,0.8843293190002441,0.854659826982589,0.8548738505838465,0.6667018532752991
481,B0018,37,57,144,0.8696826696395874,0.854659826982589,0.8327432165211455,0.6653324961662292
482,B0018,38,58,146,0.8582709431648254,0.854659826982589,0.8480646712051879,0.6591480374336243
483,B0018,39,59,149,0.8553085327148438,0.854659826982589,0.8445819989759175,0.6596663594245911
484,B0018,40,60,152,0.851791262626648,0.854659826982589,0.8568661772931501,0.6564133763313293
485,B0018,41,61,154,0.8432180285453796,0.854659826982589,0.8600942127213794,0.6584330797195435
486,B0018,42,62,156,0.8386061787605286,0.854659826982589,0.831481316067942,0.6600835919380188
487,B0018,43,63,158,0.8302969336509705,0.854659826982589,0.9135547995062622,0.6620303988456726
488,B0018,44,64,161,0.8259609341621399,0.854659826982589,0.9172135651236218,0.6600391268730164
489,B0018,45,65,164,0.8256708979606628,0.854659826982589,0.8885523162744737,0.6585612297058105
490,B0018,46,66,166,0.8206230998039246,0.854659826982589,0.8892704982146198,0.6606717705726624
491,B0018,47,67,168,0.8121417760848999,0.854659826982589,0.839591992916378,0.7651994824409485
492,B0018,48,68,170,0.8093898892402649,0.854659826982589,0.8489238204347175,0.7577081322669983
493,B0018,49,69,173,0.8066575527191162,0.854659826982589,0.8309165070694425,0.7562091946601868
494,B0018,50,70,176,0.8266428112983704,0.854659826982589,0.8350567668312984,0.7561475038528442
495,B0018,51,71,178,0.8214779496192932,0.854659826982589,0.8332695856465395,0.7577065229415894
496,B0018,52,72,180,0.8092660307884216,0.854659826982589,0.8400761233748294,0.7584414482116699
497,B0018,53,73,182,0.8045358657836914,0.854659826982589,0.8165878804090506,0.7590115070343018
498,B0018,54,74,184,0.7996335625648499,0.854659826982589,0.8213499380183245,0.7515119910240173
499,B0018,55,75,187,0.7982394099235535,0.854659826982589,0.8279277349860157,0.7550150752067566
500,B0018,56,76,189,0.7943418622016907,0.854659826982589,0.8211525682072097,0.7525871992111206
501,B0018,57,77,191,0.7913831472396851,0.854659826982589,0.8126594125558421,0.7459630370140076
502,B0018,58,78,193,0.7860317230224609,0.854659826982589,0.8051146867935898,0.7396343946456909
503,B0018,59,79,196,0.7805188894271851,0.854659826982589,0.8051058998105309,0.7376177310943604
504,B0018,60,80,199,0.783168375492096,0.854659826982589,0.8105662351718201,0.7390739321708679
505,B0018,61,81,201,0.7776453495025635,0.854659826982589,0.7953048292259135,0.7374251484870911
506,B0018,62,82,203,0.7758855819702148,0.854659826982589,0.7891766687699738,0.7381691932678223
507,B0018,63,83,205,0.7701585292816162,0.854659826982589,0.7951434586429591,0.7380545139312744
508,B0018,64,84,208,0.7681397199630737,0.854659826982589,0.7952196533456547,0.7375894784927368
509,B0018,65,85,211,0.7923492789268494,0.854659826982589,0.8017118081269489,0.7384601831436157
510,B0018,66,86,213,0.783061146736145,0.854659826982589,0.7958834437301631,0.7382569909095764
511,B0018,67,87,215,0.777806282043457,0.854659826982589,0.7912235353620021,0.7398990988731384
512,B0018,68,88,217,0.7700121998786926,0.854659826982589,0.7955970368213336,0.7389238476753235
513,B0018,69,89,219,0.7630465626716614,0.854659826982589,0.794969399693114,0.7393051385879517
514,B0018,70,90,222,0.7841364741325378,0.854659826982589,0.8121793901522272,0.7394821047782898
515,B0018,71,91,224,0.7699808478355408,0.854659826982589,0.8059671232656133,0.7394413352012634
516,B0018,72,92,226,0.7653365135192871,0.854659826982589,0.7871889789214276,0.738908052444458
517,B0018,73,93,228,0.7631036043167114,0.854659826982589,0.8073689975018432,0.739990770816803
518,B0018,74,94,231,0.7577771544456482,0.854659826982589,0.8097472014110237,0.7396563291549683
519,B0018,75,95,234,0.7592682838439941,0.854659826982589,0.8055996528406802,0.7370943427085876
520,B0018,76,96,236,0.7530196309089661,0.854659826982589,0.8066286207951979,0.7385889291763306
521,B0018,77,97,238,0.751247227191925,0.854659826982589,0.7920660609695879,0.7343130111694336
522,B0018,78,98,240,0.7489817142486572,0.854659826982589,0.8038271295370489,0.7353153228759766
523,B0018,79,99,243,0.7431600093841553,0.854659826982589,0.8120823551286024,0.7347393035888672
524,B0018,80,100,246,0.7465755939483643,0.854659826982589,0.8181542495079535,0.734519898891449
525,B0018,81,101,248,0.7387179732322693,0.854659826982589,0.8445759365216763,0.7326902747154236
526,B0018,82,102,250,0.7403466701507568,0.854659826982589,0.8507088296841127,0.7296831011772156
527,B0018,83,103,252,0.7374368906021118,0.854659826982589,0.8605882637026212,0.7274499535560608
528,B0018,84,104,255,0.7313804626464844,0.854659826982589,0.8541713519688154,0.725719690322876
529,B0018,85,105,258,0.7872924208641052,0.854659826982589,0.8663344093470503,0.7258955836296082
530,B0018,86,106,260,0.7817230820655823,0.854659826982589,0.847926855853029,0.7253177762031555
531,B0018,87,107,262,0.7752761244773865,0.854659826982589,0.8387021634479305,0.724204957485199
532,B0018,88,108,264,0.7700079083442688,0.854659826982589,0.8499806706529021,0.7235258221626282
533,B0018,89,109,266,0.7626867890357971,0.854659826982589,0.8411333758683026,0.7247032523155212
534,B0018,90,110,269,0.7622025609016418,0.854659826982589,0.8353706764234932,0.7268856763839722
535,B0018,91,111,271,0.7541400194168091,0.854659826982589,0.8419981854536596,0.728968620300293
536,B0018,92,112,273,0.7521988749504089,0.854659826982589,0.8522431880423298,0.7309194207191467
537,B0018,93,113,275,0.7493491768836975,0.854659826982589,0.8526512093635605,0.7337509989738464
538,B0018,94,114,278,0.7471826076507568,0.854659826982589,0.8459134069424431,0.737873911857605
539,B0018,95,115,281,0.7483621835708618,0.854659826982589,0.8542768733779474,0.7418522238731384
540,B0018,96,116,283,0.7418756484985352,0.854659826982589,0.8473790188602349,0.7459349632263184
541,B0018,97,117,285,0.7356946468353271,0.854659826982589,0.8574225799050575,0.744482696056366
542,B0018,98,118,287,0.7326049208641052,0.854659826982589,0.8652892224531352,0.7438421249389648
543,B0018,99,119,290,0.7257291674613953,0.854659826982589,0.8556496991719201,0.7447742819786072
544,B0018,100,120,293,0.7691856026649475,0.854659826982589,0.8339639284724617,0.7412389516830444
545,B0018,101,121,295,0.7581912279129028,0.854659826982589,0.8294210457154865,0.7382426261901855
546,B0018,102,122,297,0.75120609998703,0.854659826982589,0.8272274018304933,0.735032320022583
547,B0018,103,123,299,0.7483806014060974,0.854659826982589,0.8261216174076288,0.7346716523170471
548,B0018,104,124,301,0.7386439442634583,0.854659826982589,0.8217538533292008,0.7326518893241882
549,B0018,105,125,304,0.7437691688537598,0.854659826982589,0.8149147305965655,0.7331786751747131
550,B0018,106,126,306,0.7378195524215698,0.854659826982589,0.8031288054912028,0.7360906004905701
551,B0018,107,127,308,0.7346274256706238,0.854659826982589,0.8260718883086468,0.7366981506347656
552,B0018,108,128,310,0.7349874973297119,0.854659826982589,0.8249835678368413,0.7386435866355896
553,B0018,109,129,313,0.7287662029266357,0.854659826982589,0.8393254869689335,0.7385497093200684
554,B0018,110,130,316,0.7303469777107239,0.854659826982589,0.8394408359012097,0.7391807436943054
555,B0018,111,131,318,0.7229370474815369,0.854659826982589,0.8241329948091013,0.736829400062561
