cycle,attempted_transitions,completed_transitions,elapsed_s,distance_km,discharge_kwh,recovered_kwh,net_kwh,peak_abs_current_a,rms_current_a,controller,controller_kind,soh_bias,status,completed_cycle,completion_reason,expected_transitions,initial_soc,final_soc,initial_battery_soh,final_battery_soh,initial_motor1_soh,final_motor1_soh,initial_motor2_soh,final_motor2_soh,battery_soh_loss,motor1_soh_loss,motor2_soh_loss,total_reward,grid_max_prediction_error_kw,constraint_stage,violated_constraints,runtime_s
NEDC,1179,1179,1179.0,11.013192643838993,1.8641627487648058,0.3438611578133336,1.520301590951472,156.13347310896816,39.22843841969062,fixed_0p5,fixed,0.0,completed,True,cycle_complete,1179,0.6,0.5170423110139415,1.0,0.999760630580178,1.0,0.9999909630643514,1.0,0.999989936869009,0.00023936941982205528,9.036935648576438e-06,1.0063130990944913e-05,1084400.3976854146,,,[],0.1999215839896351
NEDC,1179,1179,1179.0,11.013192643838993,1.8641644596157538,0.3438619081219171,1.5203025514938369,156.13372592889803,39.228454803219314,health_rule_true,health_rule,0.0,completed,True,cycle_complete,1179,0.6,0.5170422579881069,1.0,0.9997606302624136,1.0,0.9999909627920374,1.0,0.9999899371233799,0.00023936973758642566,9.037207962636629e-06,1.0062876620087202e-05,1084400.3755420041,,,[],0.20273604209069163
NEDC,1179,1179,1179.0,11.013192643838993,1.864157607358832,0.3439961448495382,1.5201614625092938,156.15535783713918,39.22680476332669,health_rule_bias_minus_0p02,health_rule,-0.02,completed,True,cycle_complete,1179,0.6,0.5170499199906344,1.0,0.9997606095592614,1.0,0.9999909012057518,1.0,0.9999900114256711,0.00023939044073861826,9.098794248152409e-06,9.988574328878563e-06,1084416.7352231203,,,[],0.21713041700422764
NEDC,1179,1179,1179.0,11.013192643838993,1.8640964156079525,0.34420818223168154,1.5198882333762709,156.1815675669946,39.224321393702255,health_rule_bias_minus_0p05,health_rule,-0.05,completed,True,cycle_complete,1179,0.6,0.517064771744981,1.0,0.999760584231903,1.0,0.9999908114502353,1.0,0.9999901232175473,0.000239415768097051,9.18854976472705e-06,9.876782452677979e-06,1084447.5744296398,,,[],0.21798162499908358
NEDC,1179,1179,1179.0,11.013192643838993,1.7363381179789574,0.36752782965232356,1.368810288326634,151.3424659335871,37.692906044574876,instantaneous_grid_101,grid,0.0,completed,True,cycle_complete,1179,0.6,0.5253158862571444,1.0,0.9997719511536673,1.0,0.9999942211344118,1.0,0.9999937372282136,0.00022804884633265132,5.778865588168536e-06,6.262771786391674e-06,1097111.0260164712,0.0,,[],5.012809249921702
UDDS,1369,1369,1369.0,11.990238655999987,2.0938745634476374,0.5420553359918167,1.551819227455821,160.68797559481231,38.065097407595246,fixed_0p5,fixed,0.0,completed,True,cycle_complete,1369,0.6,0.5153964181514235,1.0,0.9997098858975376,1.0,0.9999893203430467,1.0,0.9999868098035619,0.0002901141024623799,1.0679656953338501e-05,1.3190196438084278e-05,1266258.0767111422,,,[],0.3031585830030963
UDDS,1369,1369,1369.0,11.990238655999987,2.093870481114271,0.542057244298739,1.551813236815532,160.6877814096208,38.065046637512985,health_rule_true,health_rule,0.0,completed,True,cycle_complete,1369,0.6,0.5153967447456228,1.0,0.9997098860952719,1.0,0.99998931974804,1.0,0.9999868107714345,0.0002901139047281065,1.068025196004907e-05,1.3189228565524402e-05,1266258.632155726,,,[],0.3435067089740187
UDDS,1369,1369,1369.0,11.990238655999987,2.0934185070800453,0.5422863352099758,1.5511321718700695,160.5860401917926,38.05939279759476,health_rule_bias_minus_0p02,health_rule,-0.02,completed,True,cycle_complete,1369,0.6,0.5154338770967328,1.0,0.999709906382688,1.0,0.9999892443955725,1.0,0.9999869304114384,0.0002900936173120261,1.075560442753698e-05,1.3069588561620549e-05,1266324.2479354972,,,[],0.2770099579356611
UDDS,1369,1369,1369.0,11.990238655999987,2.092755310394273,0.5425037647322895,1.5502515456619834,160.4317501338143,38.04995561914586,health_rule_bias_minus_0p05,health_rule,-0.05,completed,True,cycle_complete,1369,0.6,0.5154819043964227,1.0,0.9997099495087469,1.0,0.9999891329362826,1.0,0.9999870990454359,0.0002900504912530799,1.0867063717445724e-05,1.2900954564076805e-05,1266405.150149313,,,[],0.23947279201820493
UDDS,1369,1369,1369.0,11.990238655999987,1.9615554030448745,0.5712278397876306,1.390327563257244,154.35699434643968,36.74197376011458,instantaneous_grid_101,grid,0.0,completed,True,cycle_complete,1369,0.6,0.5242060760877236,1.0,0.9997210395146316,1.0,0.9999915488256694,1.0,0.9999922570329671,0.0002789604853683514,8.45117433057041e-06,7.74296703287547e-06,1279923.0129465295,0.0,,[],6.6260288750054315
HWFET,765,765,765.0,16.506549663999998,2.4917353041536145,0.16670166052866084,2.3250336436249537,142.8243071581762,54.63398625362601,fixed_0p5,fixed,0.0,completed,True,cycle_complete,765,0.6,0.4730629093413475,1.0,0.9997062576857697,1.0,0.99998977613336,1.0,0.9999906240741258,0.0002937423142302942,1.022386663995789e-05,9.375925874244295e-06,632471.4323159216,,,[],0.16242466599214822
HWFET,765,765,765.0,16.506549663999998,2.4917361954135795,0.16670210410037598,2.3250340913132037,142.82513439539,54.63401238067424,health_rule_true,health_rule,0.0,completed,True,cycle_complete,765,0.6,0.47306288457995826,1.0,0.9997062575467612,1.0,0.9999897756896688,1.0,0.9999906245466018,0.0002937424532387656,1.0224310331152786e-05,9.375453398186018e-06,632471.4945604551,,,[],0.15575504105072469
HWFET,765,765,765.0,16.506549663999998,2.491740447530079,0.1667355095662544,2.3250049379638242,142.88332733877218,54.63240683908336,health_rule_bias_minus_0p02,health_rule,-0.02,completed,True,cycle_complete,765,0.6,0.4730644674151103,1.0,0.9997062498911905,1.0,0.9999897159370305,1.0,0.9999906925026854,0.0002937501088094985,1.0284062969545538e-05,9.307497314647861e-06,632478.2412347121,,,[],0.16130445804446936
HWFET,765,765,765.0,16.506549663999998,2.491593390444758,0.1667866548640246,2.3248067355807334,142.9727019599258,54.62790197426689,health_rule_bias_minus_0p05,health_rule,-0.05,completed,True,cycle_complete,765,0.6,0.4730753110018306,1.0,0.9997062537472194,1.0,0.9999896361964015,1.0,0.9999907900484848,0.0002937462527805579,1.0363803598534282e-05,9.20995151520998e-06,632499.9614407204,,,[],0.16408129199407995
HWFET,765,765,765.0,16.506549663999998,2.334656356337477,0.17532434619320686,2.1593320101442703,143.930638027675,51.810488595258754,instantaneous_grid_101,grid,0.0,completed,True,cycle_complete,765,0.6,0.482140079558733,1.0,0.9997216233026629,1.0,0.9999963800608771,1.0,0.9999917963924516,0.0002783766973371016,3.619939122900817e-06,8.203607548384895e-06,644691.7415577506,0.0,,[],3.5792125000152737
WLTC_Class3b,1800,1800,1800.0,23.266277777777777,4.219917545517355,0.7846689398213407,3.4352486056960148,190.2292776622192,55.01518920181876,fixed_0p5,fixed,0.0,completed,True,cycle_complete,1800,0.6,0.4122330850616137,1.0,0.999469020485966,1.0,0.999982698561896,1.0,0.9999803648622869,0.0005309795140340245,1.7301438103967115e-05,1.9635137713081008e-05,1609057.516167177,,,[],0.2632004589540884
WLTC_Class3b,1800,1800,1800.0,23.266277777777777,4.219924090164792,0.7846705761269818,3.43525351403781,190.22853329180444,55.01532814862135,health_rule_true,health_rule,0.0,completed,True,cycle_complete,1800,0.6,0.41223281121182,1.0,0.9994690199763993,1.0,0.9999826969861528,1.0,0.9999803663620104,0.0005309800236007467,1.73030138471697e-05,1.9633637989624475e-05,1609057.6368767426,,,[],0.26738183409906924
WLTC_Class3b,1800,1800,1800.0,23.266277777777777,4.2197795014945445,0.7850031635022502,3.4347763379922944,190.18951161952248,55.01903046631249,health_rule_bias_minus_0p02,health_rule,-0.02,completed,True,cycle_complete,1800,0.6,0.4122586194202104,1.0,0.9994690144294895,1.0,0.9999825770393623,1.0,0.9999805260192358,0.000530985570510456,1.7422960637669682e-05,1.9473980764184162e-05,1609131.8038456577,,,[],0.26981262501794845
WLTC_Class3b,1800,1800,1800.0,23.266277777777777,4.219268719462466,0.7852777859853729,3.433990933477093,190.13067206966727,55.020209539377305,health_rule_bias_minus_0p05,health_rule,-0.05,completed,True,cycle_complete,1800,0.6,0.41230125973738524,1.0,0.9994690518683257,1.0,0.9999824044363249,1.0,0.9999807572319018,0.0005309481316743137,1.7595563675087966e-05,1.9242768098171048e-05,1609233.1765591577,,,[],0.26883574994280934
WLTC_Class3b,1800,1800,1800.0,23.266277777777777,4.002910130479134,0.8277875804978636,3.1751225499812703,188.44187194837735,53.302855146551806,instantaneous_grid_101,grid,0.0,completed,True,cycle_complete,1800,0.6,0.42647572948793416,1.0,0.9994859428300241,1.0,0.9999886814919206,1.0,0.9999872668876405,0.0005140571699758789,1.1318508079449785e-05,1.273311235949759e-05,1629828.65516529,0.0,,[],7.902879791916348
CLTC_P,1799,1799,1799.0,14.479750000000001,2.460891165085522,0.5868770599251528,1.8740141051603691,178.12993958601407,40.02352421706827,fixed_0p5,fixed,0.0,completed,True,cycle_complete,1799,0.6,0.49776084817887706,1.0,0.9996741694785873,1.0,0.9999885520098769,1.0,0.9999861064165275,0.0003258305214126622,1.1447990123092389e-05,1.3893583472479598e-05,1685488.8957537992,,,[],0.25591891701333225
CLTC_P,1799,1799,1799.0,14.479750000000001,2.460887522818161,0.5868787621365317,1.8740087606816291,178.12950794391767,40.023491401242495,health_rule_true,health_rule,0.0,completed,True,cycle_complete,1799,0.6,0.49776113982758735,1.0,0.9996741696333488,1.0,0.9999885515583006,1.0,0.9999861072252876,0.0003258303666512363,1.1448441699424272e-05,1.3892774712420675e-05,1685489.498175489,,,[],0.2628292919835076
CLTC_P,1799,1799,1799.0,14.479750000000001,2.4602675735407336,0.5870097258785315,1.873257847662202,178.09764921916977,40.01816472974409,health_rule_bias_minus_0p02,health_rule,-0.02,completed,True,cycle_complete,1799,0.6,0.4978021028701293,1.0,0.9996742184588173,1.0,0.9999884778076175,1.0,0.999986227074556,0.0003257815411826792,1.1522192382540375e-05,1.37729254440222e-05,1685565.4841012573,,,[],0.25847945897839963
CLTC_P,1799,1799,1799.0,14.479750000000001,2.4592541629115563,0.5872777027687406,1.8719764601428157,178.04959248033654,40.01049883274989,health_rule_bias_minus_0p05,health_rule,-0.05,completed,True,cycle_complete,1799,0.6,0.49787198763183454,1.0,0.9996742942365805,1.0,0.9999883755528038,1.0,0.9999864060545361,0.00032570576341950375,1.162444719615685e-05,1.3593945463852286e-05,1685695.956840134,,,[],0.2839067910099402
CLTC_P,1799,1799,1799.0,14.479750000000001,2.314655987070698,0.6198678277760629,1.6947881592946352,176.79175796005103,38.99255740274639,instantaneous_grid_101,grid,0.0,completed,True,cycle_complete,1799,0.6,0.5075413004396998,1.0,0.9996863173092307,1.0,0.999990698065539,1.0,0.999992641393523,0.0003136826907692569,9.301934461025674e-06,7.358606477048113e-06,1701454.9284434225,0.0,,[],7.680753041990101
FTP75,1874,1874,1874.0,17.769437663999977,3.1210128216128115,0.7904522233617339,2.3305605982510773,160.77762918374933,41.117027618071795,fixed_0p5,fixed,0.0,completed,True,cycle_complete,1874,0.6,0.4728905620267111,1.0,0.9995716952936275,1.0,0.9999846439630484,1.0,0.9999811965591103,0.000428304706372451,1.5356036951574836e-05,1.8803440889669787e-05,1724367.0746385474,,,[],0.31857283296994865
FTP75,1874,1874,1874.0,17.769437663999977,3.1210069643343217,0.7904559454665716,2.33055101886775,160.7759633090807,41.11697905749524,health_rule_true,health_rule,0.0,completed,True,cycle_complete,1874,0.6,0.4728910843765867,1.0,0.9995716954622577,1.0,0.9999846428001432,1.0,0.9999811983702791,0.0004283045377423411,1.5357199856791404e-05,1.880162972089927e-05,1724368.0437136285,,,[],0.33358066610526294
FTP75,1874,1874,1874.0,17.769437663999977,3.1204556291525765,0.7907791297371826,2.329676499415394,160.67410716369713,41.112331381559486,health_rule_bias_minus_0p02,health_rule,-0.02,completed,True,cycle_complete,1874,0.6,0.4729387762343554,1.0,0.9995717152638519,1.0,0.9999845363678433,1.0,0.9999813639508544,0.00042828473614808793,1.5463632156653695e-05,1.8636049145648315e-05,1724455.7519446819,,,[],0.28906987502705306
FTP75,1874,1874,1874.0,17.769437663999977,3.119629671856588,0.7911453119795516,2.328484359877036,160.51965148277293,41.10461980501301,health_rule_bias_minus_0p05,health_rule,-0.05,completed,True,cycle_complete,1874,0.6,0.4730038060995544,1.0,0.9995717583216626,1.0,0.9999843793222858,1.0,0.9999816016537947,0.00042824167833743765,1.562067771421205e-05,1.8398346205317218e-05,1724571.6898671512,,,[],0.2950787500012666
FTP75,1874,1874,1874.0,17.769437663999977,2.9321953613236764,0.8326695230599848,2.0995258382636917,154.43332641496457,39.74800958555884,instantaneous_grid_101,grid,0.0,completed,True,cycle_complete,1874,0.6,0.4855009816291483,1.0,0.9995873346628119,1.0,0.9999876935821054,1.0,0.9999893613393211,0.0004126653371880895,1.2306417894625277e-05,1.0638660678852219e-05,1743864.9758647594,0.0,,[],8.057085249922238
