combined_row,battery,target_source_cycle_id,previous_source_cycle_id,target_retained_index,soh_true,previous_measured_soh
0,B0005,45,41,20,0.9951143860816956,0.9949035873989017
1,B0005,49,45,21,0.9890599846839905,0.995114370594272
2,B0005,53,49,22,0.9834597706794739,0.9890599854098058
3,B0005,57,53,23,0.9831004738807678,0.9834597999985366
4,B0005,61,57,24,0.9833524823188782,0.9831004632950897
5,B0005,65,61,25,0.9771308302879333,0.9833524772367372
6,B0005,69,65,26,0.9775283932685852,0.9771308478400268
7,B0005,73,69,27,0.9770975708961487,0.9775284086310274
8,B0005,77,73,28,0.9710626602172852,0.9770975921350076
9,B0005,81,77,29,0.9717690348625183,0.9710626880376818
10,B0005,85,81,30,0.9974764585494995,0.9717690623092355
11,B0005,89,85,31,0.9861116409301758,0.9974764875349146
12,B0005,93,89,32,0.9802943468093872,0.9861116348782737
13,B0005,97,93,33,0.9745867252349854,0.9802943389447215
14,B0005,101,97,34,0.9720560908317566,0.9745867078945714
15,B0005,105,101,35,0.9692373871803284,0.9720560906279802
16,B0005,109,105,36,0.9633479118347168,0.9692374130950105
17,B0005,113,109,37,0.9603744149208069,0.9633478867036308
18,B0005,117,113,38,0.9550475478172302,0.9603744299218223
19,B0005,121,117,39,0.9550496935844421,0.9550475246530081
20,B0005,125,121,40,0.9522672295570374,0.9550497004162602
21,B0005,129,125,41,0.9492738842964172,0.9522672175646096
22,B0005,133,129,42,0.9521299600601196,0.9492739086983165
23,B0005,135,133,43,0.9494642019271851,0.9521299593373235
24,B0005,139,135,44,0.9435725212097168,0.9494642085785509
25,B0005,143,139,45,0.9382501244544983,0.9435725054869607
26,B0005,147,143,46,0.9351484775543213,0.9382501520146926
27,B0005,149,147,47,0.9661385416984558,0.935148459244402
28,B0005,153,149,48,0.9605177044868469,0.9661385230754256
29,B0005,157,153,49,0.9519936442375183,0.9605176972012408
30,B0005,161,157,50,0.9464204907417297,0.9519936347583842
31,B0005,165,161,51,0.9409547448158264,0.9464205172265512
32,B0005,169,165,52,0.9381788372993469,0.9409547290193551
33,B0005,173,169,53,0.9353268146514893,0.9381788592880077
34,B0005,177,173,54,0.9298860430717468,0.9353268361401414
35,B0005,181,177,55,0.9242219924926758,0.92988603346571
36,B0005,185,181,56,0.9213815927505493,0.9242220117908766
37,B0005,189,185,57,0.9189475178718567,0.9213816005181208
38,B0005,193,189,58,0.9158753156661987,0.9189475137389712
39,B0005,197,193,59,0.9127882122993469,0.9158753289666399
40,B0005,201,197,60,0.9075757265090942,0.9127882263985312
41,B0005,205,201,61,0.9019582867622375,0.9075757205607075
42,B0005,209,205,62,0.9020094871520996,0.9019582574806932
43,B0005,213,209,63,0.8961635828018188,0.902009477257823
44,B0005,215,213,64,0.8936305642127991,0.896163559916933
45,B0005,219,215,65,0.8908511996269226,0.893630546668135
46,B0005,223,219,66,0.8848181366920471,0.8908512057704355
47,B0005,227,223,67,0.8822348117828369,0.8848181591266643
48,B0005,231,227,68,0.8794754147529602,0.8822348186450748
49,B0005,235,231,69,0.876791775226593,0.8794754127611387
50,B0005,239,235,70,0.8737605810165405,0.8767917699307696
51,B0005,243,239,71,0.8679432272911072,0.8737605584239754
52,B0005,247,243,72,0.8653779029846191,0.8679432148624366
53,B0005,251,247,73,0.8626582622528076,0.865377875300024
54,B0005,255,251,74,0.8566550016403198,0.8626582682073705
55,B0005,259,255,75,0.8541878461837769,0.8566549999565574
56,B0005,263,259,76,0.853732168674469,0.854187849075412
57,B0005,265,263,77,0.8594329357147217,0.853732189598637
58,B0005,269,265,78,0.8482310175895691,0.8594329115068511
59,B0005,273,269,79,0.8429370522499084,0.8482309964083232
60,B0005,277,273,80,0.8401705026626587,0.8429370312695894
61,B0005,281,277,81,0.8400173187255859,0.8401704907053151
62,B0005,285,281,82,0.8374359607696533,0.8400173086716403
63,B0005,289,285,83,0.8343035578727722,0.8374359751414073
64,B0005,293,289,84,0.8285736441612244,0.8343035835418966
65,B0005,297,293,85,0.8230135440826416,0.8285736718133292
66,B0005,301,297,86,0.8233426213264465,0.8230135260370756
67,B0005,305,301,87,0.8201764822006226,0.8233426447360579
68,B0005,309,305,88,0.817396342754364,0.8201764839394088
69,B0005,312,309,89,0.8649770021438599,0.8173963242800902
70,B0005,315,312,90,0.8423699140548706,0.8649769888680268
71,B0005,319,315,91,0.8338820338249207,0.8423699116610504
72,B0005,323,319,92,0.825416624546051,0.8338820438085877
73,B0005,327,323,93,0.8224956393241882,0.8254166152720488
74,B0005,331,327,94,0.8171115517616272,0.8224956494324317
75,B0005,335,331,95,0.8143861293792725,0.8171115433925789
76,B0005,339,335,96,0.8115131258964539,0.8143861246029738
77,B0005,343,339,97,0.8088098764419556,0.811513118362076
78,B0005,347,343,98,0.8030458092689514,0.8088098717121404
79,B0005,351,347,99,0.8003654479980469,0.8030457886878684
80,B0005,355,351,100,0.797427237033844,0.8003654470798278
81,B0005,359,355,101,0.7946240901947021,0.7974272604140161
82,B0005,363,359,102,0.8003844022750854,0.7946240682056631
83,B0005,366,363,103,0.8058723211288452,0.8003844153038009
84,B0005,370,366,104,0.7976356744766235,0.8058723226653155
85,B0005,374,370,105,0.7916855812072754,0.7976356737393387
86,B0005,378,374,106,0.7831462621688843,0.79168558341158
87,B0005,382,378,107,0.783278226852417,0.7831462853887025
88,B0005,386,382,108,0.7837509512901306,0.7832782438583529
89,B0005,390,386,109,0.7805289626121521,0.7837509350133121
90,B0005,394,390,110,0.7749424576759338,0.7805289427291894
91,B0005,398,394,111,0.7721277475357056,0.7749424644709048
92,B0005,402,398,112,0.7721010446548462,0.7721277376203588
93,B0005,406,402,113,0.7692294716835022,0.7721010517012333
94,B0005,410,406,114,0.7664583921432495,0.7692294908297354
95,B0005,414,410,115,0.763500452041626,0.7664583676775116
96,B0005,418,414,116,0.7607965469360352,0.7635004777498812
97,B0005,422,418,117,0.760887861251831,0.7607965521102183
98,B0005,426,422,118,0.7582051753997803,0.7608878881159705
99,B0005,430,426,119,0.772098958492279,0.7582051768100095
100,B0005,432,430,120,0.7747184038162231,0.7720989824377313
101,B0005,436,432,121,0.7634604573249817,0.7747184287655712
102,B0005,440,436,122,0.757872998714447,0.7634604477007023
103,B0005,444,440,123,0.7547607421875,0.7578729852409039
104,B0005,448,444,124,0.7523351907730103,0.7547607178190572
105,B0005,452,448,125,0.7494178414344788,0.7523351936621817
106,B0005,456,452,126,0.7466943860054016,0.7494178378216989
107,B0005,460,456,127,0.7435745000839233,0.7466944037718938
108,B0005,464,460,128,0.7407733798027039,0.74357448411315
109,B0005,468,464,129,0.738228976726532,0.740773354887346
110,B0005,472,468,130,0.7382267117500305,0.7382289732324248
111,B0005,476,472,131,0.7351170182228088,0.7382266861916329
112,B0005,480,476,132,0.7408571839332581,0.7351170256067291
113,B0005,482,480,133,0.7466312646865845,0.7408571700903981
114,B0005,484,482,134,0.7378719449043274,0.746631245442362
115,B0005,488,484,135,0.7351424694061279,0.7378719555127383
116,B0005,492,488,136,0.7295078039169312,0.735142495242232
117,B0005,496,492,137,0.7296800017356873,0.7295077959801872
118,B0005,500,496,138,0.729713499546051,0.7296799787853683
119,B0005,504,500,139,0.7268107533454895,0.7297134934112401
120,B0005,508,504,140,0.7240497469902039,0.7268107407422197
121,B0005,512,508,141,0.7212498784065247,0.7240497181525036
122,B0005,516,512,142,0.7212085127830505,0.7212499067079483
123,B0005,520,516,143,0.7185648679733276,0.721208508070922
124,B0005,524,520,144,0.715676486492157,0.7185648881952921
125,B0005,528,524,145,0.7127282023429871,0.7156765060826296
126,B0005,532,528,146,0.7100340127944946,0.7127281792431958
127,B0005,536,532,147,0.7101941108703613,0.7100339835664494
128,B0005,540,536,148,0.7101007103919983,0.7101941165230103
129,B0005,544,540,149,0.7131060361862183,0.7101007124097442
130,B0005,547,544,150,0.7326318025588989,0.7131060557689289
131,B0005,551,547,151,0.7215403914451599,0.7326317762261326
132,B0005,555,551,152,0.7158834934234619,0.721540405700353
133,B0005,559,555,153,0.7129992246627808,0.7158834698305493
134,B0005,563,559,154,0.7102842926979065,0.7129992439790138
135,B0005,567,563,155,0.7075055241584778,0.7102843154047166
136,B0005,571,567,156,0.7073584198951721,0.7075055383642601
137,B0005,575,571,157,0.7044464349746704,0.7073584494666222
138,B0005,579,575,158,0.7018808126449585,0.704446461650727
139,B0005,583,579,159,0.7020555734634399,0.7018808229071344
140,B0005,587,583,160,0.702083945274353,0.7020555815721221
141,B0005,591,587,161,0.6991090178489685,0.7020839620292978
142,B0005,595,591,162,0.699209451675415,0.699109008817086
143,B0005,599,595,163,0.6967263221740723,0.6992094269724848
144,B0005,603,599,164,0.6937851309776306,0.6967263011532883
145,B0005,607,603,165,0.6934884190559387,0.6937851440175622
146,B0005,611,607,166,0.7051032781600952,0.6934884167276275
147,B0005,613,611,167,0.7137561440467834,0.705103277055252
148,B0006,45,41,20,0.9617814421653748,0.9726281070025072
149,B0006,49,45,21,0.9560158848762512,0.9617814345585967
150,B0006,53,49,22,0.945418655872345,0.956015859814876
151,B0006,57,53,23,0.9560974836349487,0.945418647339628
152,B0006,61,57,24,0.9341978430747986,0.9560974757905958
153,B0006,65,61,25,0.923028290271759,0.9341978151219875
154,B0006,69,65,26,0.9179342985153198,0.923028308415357
155,B0006,73,69,27,0.9119000434875488,0.9179342734506019
156,B0006,77,73,28,0.906581699848175,0.9119000283836427
157,B0006,81,77,29,0.9124917984008789,0.9065816915777205
158,B0006,85,81,30,0.9456790089607239,0.9124918141799352
159,B0006,89,85,31,0.9247761964797974,0.9456790349742867
160,B0006,93,89,32,0.9115326404571533,0.9247761948322795
161,B0006,97,93,33,0.9036588668823242,0.9115326597829658
162,B0006,101,97,34,0.89348304271698,0.9036588818710266
163,B0006,105,101,35,0.8909956812858582,0.8934830346748316
164,B0006,109,105,36,0.8829502463340759,0.8909956824708977
165,B0006,113,109,37,0.8750413656234741,0.8829502550201761
166,B0006,117,113,38,0.870132327079773,0.8750413873759919
167,B0006,121,117,39,0.8649529218673706,0.8701323309187394
168,B0006,125,121,40,0.859951376914978,0.864952945691579
169,B0006,129,125,41,0.8546456694602966,0.859951384249673
170,B0006,133,129,42,0.8621059656143188,0.8546456919285944
171,B0006,135,133,43,0.867639422416687,0.8621059538809914
172,B0006,139,135,44,0.8518432974815369,0.867639403894526
173,B0006,143,139,45,0.8417895436286926,0.8518433254632082
174,B0006,147,143,46,0.836425244808197,0.8417895486292435
175,B0006,149,147,47,0.8960279822349548,0.8364252637451849
176,B0006,153,149,48,0.8883678317070007,0.8960279954741002
177,B0006,157,153,49,0.8724651336669922,0.8883678132914206
178,B0006,161,157,50,0.8572243452072144,0.8724651391251901
179,B0006,165,161,51,0.8495922684669495,0.8572243699983239
180,B0006,169,165,52,0.8392261862754822,0.8495922454210777
181,B0006,173,169,53,0.8340608477592468,0.8392262113192732
182,B0006,177,173,54,0.8264297246932983,0.8340608610817466
183,B0006,181,177,55,0.8212283253669739,0.8264297086813447
184,B0006,185,181,56,0.8159624934196472,0.821228301199745
185,B0006,189,185,57,0.8112270832061768,0.8159624948921792
186,B0006,193,189,58,0.8058294057846069,0.8112271017518528
187,B0006,197,193,59,0.8004568815231323,0.8058294274458677
188,B0006,201,197,60,0.7904583811759949,0.8004568622012265
189,B0006,205,201,61,0.7878420352935791,0.7904583678923177
190,B0006,209,205,62,0.7856048941612244,0.7878420253146665
191,B0006,213,209,63,0.7800314426422119,0.7856049146190022
192,B0006,215,213,64,0.7777441740036011,0.780031440176547
193,B0006,219,215,65,0.7699644565582275,0.7777441842886215
194,B0006,223,219,66,0.7671182751655579,0.7699644735295673
195,B0006,227,223,67,0.7621198296546936,0.7671182514739364
196,B0006,231,227,68,0.7569624781608582,0.762119854776846
197,B0006,235,231,69,0.7494156360626221,0.7569624653118686
198,B0006,239,235,70,0.7517951726913452,0.7494156650980108
199,B0006,243,239,71,0.7490927577018738,0.7517952002501654
200,B0006,247,243,72,0.7441267967224121,0.7490927746753414
201,B0006,251,247,73,0.7415927052497864,0.744126824640059
202,B0006,255,251,74,0.7389425039291382,0.7415927024943012
203,B0006,259,255,75,0.7337948083877563,0.7389424928579005
204,B0006,263,259,76,0.7309020161628723,0.7337948251946333
205,B0006,265,263,77,0.7518593668937683,0.7309019933714036
206,B0006,269,265,78,0.7389811277389526,0.7518593614163546
207,B0006,273,269,79,0.7314557433128357,0.7389810985080334
208,B0006,277,273,80,0.7263060212135315,0.7314557385723608
209,B0006,281,277,81,0.7263954877853394,0.7263060118809538
210,B0006,285,281,82,0.7238184213638306,0.7263954583009604
211,B0006,289,285,83,0.7210187315940857,0.7238184227571322
212,B0006,293,289,84,0.7132130265235901,0.7210187145326269
213,B0006,297,293,85,0.71335768699646,0.7132130179126343
214,B0006,301,297,86,0.711011528968811,0.7133577144710262
215,B0006,305,301,87,0.7108667492866516,0.711011517633683
216,B0006,309,305,88,0.7083219289779663,0.7108667461161282
217,B0006,312,309,89,0.7829594016075134,0.708321901683239
218,B0006,315,312,90,0.7597708702087402,0.7829593804744059
219,B0006,319,315,91,0.7442036271095276,0.759770882494014
220,B0006,323,319,92,0.7364766597747803,0.7442036144029749
221,B0006,327,323,93,0.7286806106567383,0.7364766488653811
222,B0006,331,327,94,0.7236964106559753,0.7286806282628964
223,B0006,335,331,95,0.7186819911003113,0.7236963976177928
224,B0006,339,335,96,0.7133148312568665,0.7186819749578868
225,B0006,343,339,97,0.7108732461929321,0.7133148203630159
226,B0006,347,343,98,0.7081775665283203,0.7108732579778997
227,B0006,351,347,99,0.7031810283660889,0.7081775553094546
228,B0006,355,351,100,0.7006329894065857,0.7031810109956533
229,B0006,359,355,101,0.6979125738143921,0.7006330174681323
230,B0006,363,359,102,0.6980171799659729,0.6979125508434085
231,B0006,366,363,103,0.7135208249092102,0.6980171885557206
232,B0006,370,366,104,0.7033514380455017,0.7135208482113887
233,B0006,374,370,105,0.6952241063117981,0.7033514435633659
234,B0006,378,374,106,0.6926276683807373,0.6952241030736463
235,B0006,382,378,107,0.6902625560760498,0.6926276785146194
236,B0006,386,382,108,0.685470700263977,0.6902625512041874
237,B0006,390,386,109,0.6851612329483032,0.6854707065486149
238,B0006,394,390,110,0.6825978755950928,0.6851612181802287
239,B0006,398,394,111,0.6799058318138123,0.6825978766720686
240,B0006,402,398,112,0.6749157905578613,0.6799058560840853
241,B0006,406,402,113,0.6773353219032288,0.674915763306282
242,B0006,410,406,114,0.674954354763031,0.6773352957654757
243,B0006,414,410,115,0.6722511649131775,0.6749543839713218
244,B0006,418,414,116,0.6698163747787476,0.6722511609085237
245,B0006,422,418,117,0.6672586798667908,0.6698163536881292
246,B0006,426,422,118,0.6648867726325989,0.6672586503678076
247,B0006,430,426,119,0.6800643801689148,0.6648867966571198
248,B0006,432,430,120,0.6903752684593201,0.6800643686533974
249,B0006,436,432,121,0.6773908138275146,0.6903752897183545
250,B0006,440,436,122,0.6722549796104431,0.6773908312410081
251,B0006,444,440,123,0.6668747067451477,0.6722549538545536
252,B0006,448,444,124,0.6645057201385498,0.6668746922672389
253,B0006,452,448,125,0.6620080471038818,0.6645057163278422
254,B0006,456,452,126,0.6568971872329712,0.6620080723318286
255,B0006,460,456,127,0.6540611982345581,0.656897174696045
256,B0006,464,460,128,0.651454746723175,0.6540611751852576
257,B0006,468,464,129,0.6493167281150818,0.6514547680110712
258,B0006,472,468,130,0.6491429805755615,0.6493167274597319
259,B0006,476,472,131,0.6464030742645264,0.6491429627717592
260,B0006,480,476,132,0.6489844918251038,0.6464031008911139
261,B0006,482,480,133,0.6620193719863892,0.648984510278524
262,B0006,484,482,134,0.6514952778816223,0.6620193537828117
263,B0006,488,484,135,0.6436861753463745,0.6514952669744675
264,B0006,492,488,136,0.6412774920463562,0.6436861797633369
265,B0006,496,492,137,0.6389142274856567,0.6412775001365069
266,B0006,500,496,138,0.6388304829597473,0.6389142523000749
267,B0006,504,500,139,0.6335591077804565,0.6388305024124815
268,B0006,508,504,140,0.6285213232040405,0.6335591097744968
269,B0006,512,508,141,0.6284990906715393,0.6285213141239901
270,B0006,516,512,142,0.6259584426879883,0.6284990867482796
271,B0006,520,516,143,0.6260029673576355,0.6259584486293798
272,B0006,524,520,144,0.6209112405776978,0.6260029775555019
273,B0006,528,524,145,0.6181467771530151,0.6209112179860495
274,B0006,532,528,146,0.6157503724098206,0.618146775481072
275,B0006,536,532,147,0.6157363653182983,0.6157503647520722
276,B0006,540,536,148,0.613209068775177,0.6157363461901961
277,B0006,544,540,149,0.6158366203308105,0.613209082142838
278,B0006,547,544,150,0.6337056159973145,0.6158366228941904
279,B0006,551,547,151,0.6208012700080872,0.6337056235911395
280,B0006,555,551,152,0.613154411315918,0.620801290046241
281,B0006,559,555,153,0.6053640842437744,0.6131543858862738
282,B0006,563,559,154,0.6029043197631836,0.6053640895934027
283,B0006,567,563,155,0.6002639532089233,0.6029042906907026
284,B0006,571,567,156,0.5950377583503723,0.6002639382954212
285,B0006,575,571,157,0.5923420190811157,0.5950377393250057
286,B0006,579,575,158,0.5900218486785889,0.5923420182680926
287,B0006,583,579,159,0.5849596858024597,0.5900218379391315
288,B0006,587,583,160,0.5823010802268982,0.5849596665522201
289,B0006,591,587,161,0.579594612121582,0.5823010670462684
290,B0006,595,591,162,0.5771009922027588,0.5795946024028492
291,B0006,599,595,163,0.5668928623199463,0.5771009629390571
292,B0006,603,599,164,0.5720922946929932,0.5668928519254556
293,B0006,607,603,165,0.5693392157554626,0.5720922960804411
294,B0006,611,607,166,0.577287495136261,0.5693392093343496
295,B0006,613,611,167,0.58254474401474,0.5772874675283711
296,B0007,45,41,20,0.9949339628219604,0.9945682350219243
297,B0007,49,45,21,0.9947347640991211,0.9949339657767368
298,B0007,53,49,22,0.9894009828567505,0.994734749488113
299,B0007,57,53,23,0.9889729022979736,0.9894009644991608
300,B0007,61,57,24,0.989222526550293,0.9889729225111973
301,B0007,65,61,25,0.9833744168281555,0.9892225301434724
302,B0007,69,65,26,0.9835972785949707,0.9833744254109715
303,B0007,73,69,27,0.9831379652023315,0.9835972882674648
304,B0007,77,73,28,0.9773076176643372,0.9831379679174215
305,B0007,81,77,29,0.9778691530227661,0.9773076198804469
306,B0007,85,81,30,0.9959892630577087,0.9778691507545129
307,B0007,89,85,31,0.9850711822509766,0.9959892428071969
308,B0007,93,89,32,0.9793938994407654,0.9850711777410832
309,B0007,97,93,33,0.9766786694526672,0.9793938772431541
310,B0007,101,97,34,0.9713261127471924,0.9766786827220949
311,B0007,105,101,35,0.9715024828910828,0.9713260895248977
312,B0007,109,105,36,0.9685994982719421,0.9715024626474299
313,B0007,113,109,37,0.9630336761474609,0.9685994738677316
314,B0007,117,113,38,0.960579514503479,0.9630337032828774
315,B0007,121,117,39,0.9578696489334106,0.960579512231908
316,B0007,125,121,40,0.9579881429672241,0.9578696287593303
317,B0007,129,125,41,0.9550528526306152,0.9579881200586186
318,B0007,133,129,42,0.9588334560394287,0.9550528559986308
319,B0007,135,133,43,0.9551635384559631,0.9588334426916011
320,B0007,139,135,44,0.9496464133262634,0.955163534203101
321,B0007,143,139,45,0.9443870186805725,0.9496464108196084
322,B0007,147,143,46,0.9414477348327637,0.9443870295876657
323,B0007,149,147,47,0.9598231315612793,0.9414477139472057
324,B0007,153,149,48,0.9601545929908752,0.959823107156573
325,B0007,157,153,49,0.9519795775413513,0.9601545763224729
326,B0007,161,157,50,0.946799635887146,0.9519796053200333
327,B0007,165,161,51,0.9414562582969666,0.9467996336880419
328,B0007,169,165,52,0.9388046860694885,0.9414562657201504
329,B0007,173,169,53,0.9361258745193481,0.9388046929870528
330,B0007,177,173,54,0.9307416081428528,0.9361258690667021
331,B0007,181,177,55,0.9252243041992188,0.9307416120348377
332,B0007,185,181,56,0.9252256155014038,0.9252243302854406
333,B0007,189,185,57,0.9227818250656128,0.9252256425292258
334,B0007,193,189,58,0.9199352860450745,0.9227818519180979
335,B0007,197,193,59,0.9140753149986267,0.9199352919899929
336,B0007,201,197,60,0.9116089940071106,0.9140753177397375
337,B0007,205,201,61,0.9063624739646912,0.9116090172599749
338,B0007,209,205,62,0.9063578844070435,0.9063624955407813
339,B0007,213,209,63,0.9009016156196594,0.9063579065888634
340,B0007,215,213,64,0.9010928869247437,0.9009016416501656
341,B0007,219,215,65,0.8955709934234619,0.9010928738414982
342,B0007,223,219,66,0.8924437165260315,0.8955710108399318
343,B0007,227,223,67,0.8900200128555298,0.8924437153331117
344,B0007,231,227,68,0.887298047542572,0.8900200379231206
345,B0007,235,231,69,0.8848015666007996,0.8872980500287017
346,B0007,239,235,70,0.8817507028579712,0.884801563486559
347,B0007,243,239,71,0.8790165781974792,0.8817507188402843
348,B0007,247,243,72,0.876456081867218,0.8790165492082501
349,B0007,251,247,73,0.8738725185394287,0.87645609305257
350,B0007,255,251,74,0.8710586428642273,0.8738725464951953
351,B0007,259,255,75,0.8653455376625061,0.8710586517211737
352,B0007,263,259,76,0.8652618527412415,0.8653455460107404
353,B0007,265,263,77,0.8678338527679443,0.8652618625053486
354,B0007,269,265,78,0.862784206867218,0.8678338421514901
355,B0007,273,269,79,0.857307493686676,0.8627842196339309
356,B0007,277,273,80,0.8547766208648682,0.8573074826850354
357,B0007,281,277,81,0.8544573187828064,0.8547766370163623
358,B0007,285,281,82,0.8549336194992065,0.8544573379066747
359,B0007,289,285,83,0.8518355488777161,0.8549336177737964
360,B0007,293,289,84,0.8464389443397522,0.851835557535501
361,B0007,297,293,85,0.8439309000968933,0.8464389595847521
362,B0007,301,297,86,0.8440898060798645,0.8439308910654777
363,B0007,305,301,87,0.8438722491264343,0.8440897990165642
364,B0007,309,305,88,0.8411458730697632,0.8438722267771133
365,B0007,312,309,89,0.8930588960647583,0.8411458456358337
366,B0007,315,312,90,0.8598354458808899,0.893058917673428
367,B0007,319,315,91,0.8544149398803711,0.8598354640622486
368,B0007,323,319,92,0.849084198474884,0.8544149679093845
369,B0007,327,323,93,0.8434323668479919,0.8490842270191371
370,B0007,331,327,94,0.8410186767578125,0.8434323556466374
371,B0007,335,331,95,0.8383436799049377,0.8410186475348281
372,B0007,339,335,96,0.8354997634887695,0.8383436619721834
373,B0007,343,339,97,0.8329851627349854,0.8354997471911441
374,B0007,347,343,98,0.8301190137863159,0.8329851852152426
375,B0007,351,347,99,0.8303612470626831,0.8301190234003898
376,B0007,355,351,100,0.827713668346405,0.830361244595057
377,B0007,359,355,101,0.824743926525116,0.8277136902689282
378,B0007,363,359,102,0.8275720477104187,0.8247439467235069
379,B0007,366,363,103,0.8328588008880615,0.8275720651161599
380,B0007,370,366,104,0.8277302384376526,0.8328587758683834
381,B0007,374,370,105,0.8248082399368286,0.8277302117414882
382,B0007,378,374,106,0.8195953369140625,0.8248082304608076
383,B0007,382,378,107,0.8164116740226746,0.8195953593923267
384,B0007,386,382,108,0.8170153498649597,0.8164116650277282
385,B0007,390,386,109,0.816790759563446,0.8170153478223752
386,B0007,394,390,110,0.8113517761230469,0.816790746176111
387,B0007,398,394,111,0.8084178566932678,0.8113517938745419
388,B0007,402,398,112,0.8085054159164429,0.8084178306554588
389,B0007,406,402,113,0.8085929751396179,0.8085054171397351
390,B0007,410,406,114,0.8058507442474365,0.8085930007647584
391,B0007,414,410,115,0.803080677986145,0.8058507616000151
392,B0007,418,414,116,0.8004264235496521,0.8030806686899293
393,B0007,422,418,117,0.8004035949707031,0.8004264241301146
394,B0007,426,422,118,0.8005844354629517,0.8004035754125528
395,B0007,430,426,119,0.8111673593521118,0.8005844498202711
396,B0007,432,430,120,0.8139051795005798,0.8111673712327889
397,B0007,436,432,121,0.8057020902633667,0.8139051911027366
398,B0007,440,436,122,0.8003910183906555,0.8057020955991137
399,B0007,444,440,123,0.7973259687423706,0.8003910347947992
400,B0007,448,444,124,0.7948992848396301,0.797325953734772
401,B0007,452,448,125,0.792057454586029,0.7948992586125676
402,B0007,456,452,126,0.7894273996353149,0.7920574504207775
403,B0007,460,456,127,0.7891978621482849,0.7894274199989884
404,B0007,464,460,128,0.7865899801254272,0.7891978415957107
405,B0007,468,464,129,0.7839736342430115,0.7865899743564149
406,B0007,472,468,130,0.7841070294380188,0.783973638515397
407,B0007,476,472,131,0.7810313701629639,0.7841070476141841
408,B0007,480,476,132,0.783638596534729,0.7810313778074761
409,B0007,482,480,133,0.7922238111495972,0.7836385905485969
410,B0007,484,482,134,0.7837316393852234,0.792223791768746
411,B0007,488,484,135,0.7811077237129211,0.7837316424573085
412,B0007,492,488,136,0.778443455696106,0.7811077117652985
413,B0007,496,492,137,0.7785337567329407,0.7784434528297595
414,B0007,500,496,138,0.7757642269134521,0.778533738725724
415,B0007,504,500,139,0.772991418838501,0.7757641979564112
416,B0007,508,504,140,0.770309329032898,0.7729914466651281
417,B0007,512,508,141,0.7674853801727295,0.7703093513592872
418,B0007,516,512,142,0.7676233649253845,0.7674853711324945
419,B0007,520,516,143,0.7650852203369141,0.7676233649357621
420,B0007,524,520,144,0.7650539875030518,0.7650852050701119
421,B0007,528,524,145,0.7622104287147522,0.7650539672029023
422,B0007,532,528,146,0.7594954371452332,0.7622104114507394
423,B0007,536,532,147,0.7597967386245728,0.7594954559011889
424,B0007,540,536,148,0.7595213055610657,0.759796764422933
425,B0007,544,540,149,0.7624630928039551,0.7595213088960034
426,B0007,547,544,150,0.7758677005767822,0.7624630662526647
427,B0007,551,547,151,0.7677545547485352,0.7758676753965592
428,B0007,555,551,152,0.7652553915977478,0.7677545672975996
429,B0007,559,555,153,0.7624276876449585,0.7652553971151791
430,B0007,563,559,154,0.7570551633834839,0.7624276653144856
431,B0007,567,563,155,0.7571490406990051,0.7570551863639823
432,B0007,571,567,156,0.7542130351066589,0.7571490373149529
433,B0007,575,571,157,0.7541239261627197,0.7542130177927987
434,B0007,579,575,158,0.7515727281570435,0.7541239109930523
435,B0007,583,579,159,0.7489625215530396,0.7515727378176299
436,B0007,587,583,160,0.7490952014923096,0.7489625106252409
437,B0007,591,587,161,0.7460609078407288,0.7490951923277513
438,B0007,595,591,162,0.7461427450180054,0.7460608976183626
439,B0007,599,595,163,0.7435920238494873,0.7461427514584917
440,B0007,603,599,164,0.7436789870262146,0.7435920373366998
441,B0007,607,603,165,0.7405692934989929,0.7436789830704655
442,B0007,611,607,166,0.7518494129180908,0.7405692816217144
443,B0007,613,611,167,0.7574911117553711,0.7518493846367692
444,B0018,55,53,20,0.9334298968315125,0.9367442042482638
445,B0018,57,55,21,0.9210731983184814,0.933429894181155
446,B0018,59,57,22,0.9226230382919312,0.9210732212762566
447,B0018,62,59,23,0.9204840660095215,0.9226230652733616
448,B0018,65,62,24,0.9429832696914673,0.9204840841029782
449,B0018,67,65,25,0.934105396270752,0.9429832579006578
450,B0018,69,67,26,0.9284243583679199,0.934105386440806
451,B0018,71,69,27,0.9228259325027466,0.9284243318688938
452,B0018,74,71,28,0.9160451292991638,0.9228259445182906
453,B0018,77,74,29,0.9132250547409058,0.916045117993578
454,B0018,79,77,30,0.9066838622093201,0.9132250757005568
455,B0018,81,79,31,0.9040285348892212,0.9066838862255429
456,B0018,83,81,32,0.8978538513183594,0.9040285579078848
457,B0018,86,83,33,0.8933630585670471,0.8978538391580942
458,B0018,89,86,34,0.8885283470153809,0.8933630290434469
459,B0018,91,89,35,0.8834319114685059,0.8885283766459535
460,B0018,93,91,36,0.8774365186691284,0.8834318900203323
461,B0018,95,93,37,0.874474287033081,0.8774365089051547
462,B0018,98,95,38,0.8700823187828064,0.8744742581978935
463,B0018,101,98,39,0.9035296440124512,0.8700823275398015
464,B0018,103,101,40,0.8891087174415588,0.903529666185232
465,B0018,105,103,41,0.8799886703491211,0.8891086916860135
466,B0018,107,105,42,0.8713811635971069,0.8799886865838726
467,B0018,110,107,43,0.8684090971946716,0.8713811496336645
468,B0018,113,110,44,0.8600862622261047,0.8684091169427205
469,B0018,116,113,45,0.9308373332023621,0.8600862431802415
470,B0018,118,116,46,0.925370991230011,0.930837321813855
471,B0018,120,118,47,0.9141883850097656,0.9253710017973062
472,B0018,122,120,48,0.9044604897499084,0.914188368861919
473,B0018,124,122,49,0.8952316045761108,0.9044605014567585
474,B0018,127,124,50,0.8983325362205505,0.895231613273491
475,B0018,129,127,51,0.8877787590026855,0.8983325424846361
476,B0018,131,129,52,0.8764204978942871,0.8877787622525443
477,B0018,133,131,53,0.8690856099128723,0.8764205017595725
478,B0018,135,133,54,0.8656241297721863,0.8690856130635961
479,B0018,140,135,55,0.9022324681282043,0.8656241342693628
480,B0018,142,140,56,0.8843293190002441,0.9022324722778301
481,B0018,144,142,57,0.8696826696395874,0.8843293042409497
482,B0018,146,144,58,0.8582709431648254,0.8696826954654632
483,B0018,149,146,59,0.8553085327148438,0.8582709177386076
484,B0018,152,149,60,0.851791262626648,0.855308525821416
485,B0018,154,152,61,0.8432180285453796,0.851791265910117
486,B0018,156,154,62,0.8386061787605286,0.8432180503052695
487,B0018,158,156,63,0.8302969336509705,0.8386061892347928
488,B0018,161,158,64,0.8259609341621399,0.8302969133503282
489,B0018,164,161,65,0.8256708979606628,0.8259609528835993
490,B0018,166,164,66,0.8206230998039246,0.8256708936300426
491,B0018,168,166,67,0.8121417760848999,0.8206231187124103
492,B0018,170,168,68,0.8093898892402649,0.8121418011653458
493,B0018,173,170,69,0.8066575527191162,0.8093899172887186
494,B0018,176,173,70,0.8266428112983704,0.8066575552659644
495,B0018,178,176,71,0.8214779496192932,0.826642837170715
496,B0018,180,178,72,0.8092660307884216,0.8214779265683784
497,B0018,182,180,73,0.8045358657836914,0.8092660058779416
498,B0018,184,182,74,0.7996335625648499,0.8045358675534857
499,B0018,187,184,75,0.7982394099235535,0.799633550923934
500,B0018,189,187,76,0.7943418622016907,0.7982393911352555
501,B0018,191,189,77,0.7913831472396851,0.7943418813674149
502,B0018,193,191,78,0.7860317230224609,0.7913831307756389
503,B0018,196,193,79,0.7805188894271851,0.7860316993136419
504,B0018,199,196,80,0.783168375492096,0.7805189058362433
505,B0018,201,199,81,0.7776453495025635,0.7831683758563823
506,B0018,203,201,82,0.7758855819702148,0.7776453481817188
507,B0018,205,203,83,0.7701585292816162,0.7758855957432074
508,B0018,208,205,84,0.7681397199630737,0.7701585371768062
509,B0018,211,208,85,0.7923492789268494,0.7681397317526905
510,B0018,213,211,86,0.783061146736145,0.7923492994106556
511,B0018,215,213,87,0.777806282043457,0.7830611455790711
512,B0018,217,215,88,0.7700121998786926,0.7778062979024363
513,B0018,219,217,89,0.7630465626716614,0.7700121712904541
514,B0018,222,219,90,0.7841364741325378,0.7630465417051595
515,B0018,224,222,91,0.7699808478355408,0.7841364556121901
516,B0018,226,224,92,0.7653365135192871,0.7699808484662279
517,B0018,228,226,93,0.7631036043167114,0.7653365112635747
518,B0018,231,228,94,0.7577771544456482,0.7631036189749955
519,B0018,234,231,95,0.7592682838439941,0.7577771480684934
520,B0018,236,234,96,0.7530196309089661,0.759268288206635
521,B0018,238,236,97,0.751247227191925,0.7530196086484692
522,B0018,240,238,98,0.7489817142486572,0.751247245774781
523,B0018,243,240,99,0.7431600093841553,0.7489816944965945
524,B0018,246,243,100,0.7465755939483643,0.7431599902402238
525,B0018,248,246,101,0.7387179732322693,0.7465755983684312
526,B0018,250,248,102,0.7403466701507568,0.7387179740348331
527,B0018,252,250,103,0.7374368906021118,0.7403466800917733
528,B0018,255,252,104,0.7313804626464844,0.7374368704864981
529,B0018,258,255,105,0.7872924208641052,0.7313804864100185
530,B0018,260,258,106,0.7817230820655823,0.7872924322020762
531,B0018,262,260,107,0.7752761244773865,0.7817231049614924
532,B0018,264,262,108,0.7700079083442688,0.7752761106852413
533,B0018,266,264,109,0.7626867890357971,0.7700079337204485
534,B0018,269,266,110,0.7622025609016418,0.7626867945054364
535,B0018,271,269,111,0.7541400194168091,0.7622025431993112
536,B0018,273,271,112,0.7521988749504089,0.7541400306782735
537,B0018,275,273,113,0.7493491768836975,0.7521988452127043
538,B0018,278,275,114,0.7471826076507568,0.7493491870022229
539,B0018,281,278,115,0.7483621835708618,0.747182624023947
540,B0018,283,281,116,0.7418756484985352,0.7483621978461461
541,B0018,285,283,117,0.7356946468353271,0.7418756347033405
542,B0018,287,285,118,0.7326049208641052,0.7356946436346268
543,B0018,290,287,119,0.7257291674613953,0.7326049390746541
544,B0018,293,290,120,0.7691856026649475,0.7257291620112974
545,B0018,295,293,121,0.7581912279129028,0.7691856089045949
546,B0018,297,295,122,0.75120609998703,0.7581912240991063
547,B0018,299,297,123,0.7483806014060974,0.7512061203027418
548,B0018,301,299,124,0.7386439442634583,0.7483805757157408
549,B0018,304,301,125,0.7437691688537598,0.7386439323920165
550,B0018,306,304,126,0.7378195524215698,0.743769166650052
551,B0018,308,306,127,0.7346274256706238,0.7378195670433692
552,B0018,310,308,128,0.7349874973297119,0.7346274160714679
553,B0018,313,310,129,0.7287662029266357,0.7349874882306875
554,B0018,316,313,130,0.7303469777107239,0.7287662042753458
555,B0018,318,316,131,0.7229370474815369,0.7303469925709389
